First_Name,Last_Name,gender_id,origin_country_id,Date_of_Birth,Date_Hired,dept_id,site_id,pos_id
Hussian,Jalal,311,1000,04-07-67,01-04-22,3010,1002,3011
Allison,Kim,310,4000,27-06-82,21-07-24,3010,1002,3013
Gregory,Velazquez,311,6000,15-12-67,07-11-23,3010,1002,3012
Madison,Ramirez,310,11000,31-03-91,18-09-20,9010,1002,9012
Savannah,Miller,310,1000,24-02-68,08-01-21,9010,1001,9011
Amanda,Ochoa,310,8000,15-03-88,19-12-23,9010,1003,9013
Melissa,Meyer,310,2000,10-04-78,01-09-24,9010,2001,9018
Thaqif,Salim,311,1000,02-02-93,26-01-22,7010,1003,7014
Daniel,Shamsul,311,1000,06-03-03,23-08-20,3010,1003,3015
Hafiz,Wahid,311,2000,19-12-81,18-11-22,6010,2001,6014
Thaqif,Rizam,311,2000,10-05-82,16-06-24,6010,2001,6011
Zainuddin,Mohamad,311,1000,07-07-84,19-11-22,9050,1001,9051
Zainuddin,Rami,311,1000,15-07-79,26-12-19,9050,1003,9053
Fariz,Idris,311,1000,07-06-75,02-09-22,8010,1001,8012
Sulaiman,Saad,311,1000,22-07-87,23-07-22,1010,2001,1012
Luqman,Omar,311,1000,22-07-86,08-06-22,1010,1001,1012
Fadhil,Shamsul,311,1000,17-05-76,05-05-22,6010,1002,6014
Junaid,Zainuddin,311,2000,09-02-73,16-02-24,9050,2001,9054
Ilham,Zahid,311,1000,18-12-89,07-03-23,5010,1001,5013
Arif,Rizki,311,2000,23-08-66,09-07-20,5010,2001,5012
Syafiq,Safwan,311,1000,22-08-79,22-12-22,8010,1001,8011
Haziq,Zulkifli,311,1000,10-05-80,03-05-24,9010,2001,9017
Ridwan,Farhan,311,1000,15-06-05,17-03-22,2010,2001,2012
Taufik,Mustaqim,311,1000,05-05-84,19-05-22,6010,1002,6014
Qayyum,Khalid,311,2000,17-12-01,02-04-24,9010,2001,9017
Nizamuddin,Rizam,311,1000,12-01-04,30-09-20,6010,1001,6012
Abid,Zulkifli,311,1000,22-12-64,13-12-19,8010,2001,8013
Danish,Arif,311,1000,15-04-82,23-07-22,6010,1001,6011
Omar,Zainudeen,311,1000,12-06-02,08-04-22,1010,1002,1013
Zikri,Shamsul,311,2000,22-03-06,21-11-21,9010,2001,9014
Ridwan,Wahid,311,1000,05-04-68,06-10-23,2010,1001,2014
Omar,Zawawi,311,1000,12-12-97,09-08-20,3010,1002,3016
Khairul,Yasin,311,1000,18-08-00,03-03-20,9050,1001,9054
Ihsan,Rahman,311,1000,22-10-02,25-07-20,1010,1002,1013
Haikal,Basri,311,1000,06-03-98,28-04-23,5010,2001,5011
Ridwan,Omar,311,1000,13-09-78,16-08-21,1010,1003,1011
Sufyan,Irwan,311,1000,29-08-94,05-08-24,8010,1003,8013
Azzam,Zainuddin,311,1000,09-03-06,12-10-20,4010,1002,4012
Thaqif,Saad,311,1000,01-08-97,13-06-22,4010,1001,4014
Jihan,Wahid,311,2000,13-10-85,07-06-20,4010,2001,4012
Farid,Syed Mohammed Jalal,311,1000,19-01-89,05-03-24,9050,1002,9054
Haikal,Rahman,311,1000,26-02-88,02-03-22,8010,1003,8012
Ikram,Shahbaz,311,1000,03-11-93,16-05-22,7010,1003,7012
Bahar,Pasha,311,1000,09-05-03,22-04-21,2010,1003,2011
Iqbal,Tohir,311,1000,06-06-98,29-05-23,1010,1002,1011
Taufik,Zulkifli,311,2000,17-11-86,19-01-20,4010,2001,4013
Raziq,Malik,311,2000,28-10-87,17-05-21,4010,2001,4013
Qudrat,Hisham,311,1000,11-01-65,02-06-24,6010,1003,6011
Saad,Ahmad,311,2000,26-07-65,10-05-23,4010,2001,4012
Nizam,Rami,311,1000,01-04-71,19-09-21,9010,2001,9014
Mikhail,Azman,311,1000,07-11-74,27-04-20,6010,1001,6014
Shahir,Mohammad,311,1000,17-02-79,02-05-21,2010,1001,2014
Khodir,Zahid,311,2000,15-04-68,27-07-24,6010,2001,6013
Azhari,Firas,311,1000,06-11-84,20-05-23,9050,2001,9052
Bahtiar,Syahril,311,1000,30-10-72,10-02-20,8010,1003,8011
Ikmal,Bakar,311,1000,24-08-72,16-01-24,5010,1003,5012
Saad,Nabil,311,1000,08-11-77,04-10-23,6010,1003,6011
Zulfadli,Bashir,311,1000,01-01-02,02-06-22,3010,1002,3017
Kamal,Zahid,311,1000,10-09-68,10-01-21,1010,1003,1011
Thaqif,Shamsul,311,2000,26-11-75,07-01-22,2010,2001,2011
Ihsan,Farhan,311,1000,26-09-05,10-03-23,3010,1003,3014
Omar,Misbah,311,1000,28-10-75,29-09-23,1010,1002,1014
Malik,Yusof,311,1000,23-07-88,03-10-22,3010,1003,3014
Mikhail,Luqman,311,1000,07-03-01,07-12-22,3010,1001,3015
Lutfi,Umar,311,1000,09-12-89,15-03-22,9010,1002,9016
Rayyan,Zulkarnain,311,2000,13-02-95,16-06-20,8010,2001,8012
Zulfadli,Rizam,311,1000,19-07-78,01-08-21,9010,2001,9015
Farhan,Bakar,311,1000,25-08-79,28-05-20,9010,1002,9017
Zulkarnain,Mansor,311,1000,15-07-74,16-12-22,9010,1001,9015
Farhan,Mansor,311,1000,24-11-86,02-04-23,3010,1001,3017
Khai,Hafiz,311,2000,01-10-83,06-09-24,7010,2001,7011
Emran,Shahrul,311,1000,15-03-71,20-03-22,4010,1002,4014
Danish,Ibrahim,311,1000,10-08-01,09-09-21,2010,2001,2013
Bahar,Zaman,311,1000,23-08-06,27-10-20,8010,1002,8011
Firas,Tajuddin,311,1000,31-01-95,07-06-21,1010,1003,1012
Jazlan,Nabil,311,1000,07-06-98,14-01-21,6010,1001,6013
Ramzi,Rahman,311,1000,04-07-80,18-07-24,1010,1002,1013
Aidan,Firas,311,1000,24-02-97,25-09-21,5010,2001,5013
Eshan,Basri,311,1000,10-12-97,12-09-24,9050,1002,9051
Farhan,Hisham,311,1000,15-10-91,06-06-21,3010,2001,3014
Junaid,Irwan,311,1000,16-02-00,10-08-20,2010,2001,2014
Naim,Safwan,311,1000,11-06-98,31-01-24,6010,2001,6012
Wani,Zaki,310,1000,16-02-90,07-12-20,7010,1002,7014
Raniah,Wahid,310,1000,31-07-79,21-07-21,6010,1003,6011
Zehra,Hamid,310,1000,29-04-67,17-12-20,2010,1001,2013
Amira,Mahyudeen,310,1000,22-11-78,18-03-23,8010,1002,8011
Syira,Shamsul,310,2000,26-03-99,06-07-21,9010,2001,9014
Khairunnisa,Mohamad,310,1000,22-11-86,12-05-23,9050,2001,9052
Azmira,Mahmud,310,1000,22-08-79,15-01-24,9010,1001,9017
Hanis,Rahman,310,1000,15-09-00,06-10-21,4010,1003,4011
Farisha,Iskandar,310,1000,05-04-73,30-05-20,6010,1003,6012
Intan,Ali,310,1000,17-08-03,27-12-20,2010,1003,2014
Darlina,Noh,310,1000,30-12-88,16-02-23,1010,1002,1013
Najwa,Mahyudeen,310,1000,22-06-90,21-07-21,7010,1003,7013
Raniah,Nabil,310,2000,11-04-80,24-02-24,3010,2001,3015
Aida,Umar,310,1000,02-01-81,27-11-23,9010,1002,9014
Veeradena,Azzam,310,2000,31-05-67,08-10-23,8010,2001,8011
Tasha,Basri,310,1000,09-01-91,01-01-20,9010,1001,9015
Najwa,Zulkarnain,310,1000,07-12-73,10-02-22,5010,1001,5012
Nabila,Rizam,310,2000,07-01-72,30-08-23,2010,2001,2014
Syafikah,Safwan,310,1000,07-07-72,10-09-24,8010,1001,8014
Jannah,Nasir,310,1000,24-07-78,09-02-22,6010,1001,6011
Puspa Ratnasari,Mizan,310,2000,12-03-68,11-01-23,7010,2001,7012
Zainab,Sukiman,310,1000,23-05-00,11-01-24,1010,1003,1014
Elina,Karim,310,1000,08-05-95,13-06-23,8010,1001,8014
Fariha,Iskandar,310,2000,19-01-82,05-07-23,1010,2001,1014
Zainab,Rusli,310,1000,24-09-79,23-02-22,9050,1002,9054
Nadira,Iskandar,310,1000,06-04-64,19-06-21,7010,1001,7014
Shazwani,Zainul,310,1000,08-07-83,15-03-24,8010,2001,8014
Sarimah,Tajuddin,310,1000,31-08-72,22-07-23,7010,2001,7013
Syafira,Syed Mohammed Jalal,310,1000,13-02-77,27-10-19,4010,1001,4014
Hani,Ahmad,310,1000,10-08-64,12-04-20,2010,2001,2014
Amira,Zaman,310,1000,26-07-91,03-01-23,9010,2001,9014
Sofiya,Naim,310,1000,20-04-79,02-01-24,1010,1003,1014
Amani,Amir,310,1000,21-08-68,23-08-21,7010,1001,7011
Amirah,Rizki,310,1000,20-05-76,17-07-23,9010,1002,9017
Laila,Zaki,310,1000,18-12-90,14-03-23,2010,1002,2014
Wati,Khairul,310,1000,25-05-89,05-12-20,1010,1001,1011
Qistina,Ahmad,310,1000,27-11-78,19-03-24,6010,1003,6012
Wati,Roslan,310,1000,02-03-90,24-06-23,1010,1002,1014
Puteh,Naim,310,1000,23-10-68,16-02-22,3010,1002,3016
Zehra,Safwan,310,1000,17-05-87,30-09-21,7010,1003,7013
Safira,Rudi,310,1000,20-04-81,03-10-22,7010,1001,7012
Jannah,Khairi,310,1000,28-10-90,29-09-20,3010,1003,3017
Wani,Khairul,310,1000,26-05-72,16-03-20,8010,1001,8013
Robiah,Mazlan,310,1000,12-06-93,25-04-24,2010,1002,2011
Qila Suhaila,Mazlan,310,2000,19-05-85,09-11-20,8010,2001,8013
Elisha,Zaki,310,1000,06-08-91,08-11-19,9010,1001,9015
Tiara,Salim,310,1000,07-02-92,17-01-24,1010,1003,1011
Nurul,Tohir,310,2000,27-06-93,03-05-22,5010,2001,5012
Farisha,Pasha,310,2000,24-02-01,15-06-23,6010,2001,6011
Iman,Malik,310,2000,11-11-80,04-09-23,7010,2001,7014
Veeradena,Munir,310,1000,21-01-85,22-05-24,6010,1003,6011
Puspa Ratnasari,Rizal,310,2000,28-02-84,19-02-21,8010,2001,8013
Damia,Firdaus,310,2000,24-02-81,24-09-23,7010,2001,7014
Ummi,Omar,310,2000,16-09-95,07-10-22,2010,2001,2013
Syarifah,Ahmad,310,1000,17-08-80,09-01-22,2010,1003,2014
Zalwani,Johan,310,1000,28-02-89,30-10-22,3010,1003,3017
Tasha,Malik,310,1000,02-06-95,22-10-21,9010,1002,9016
Mira Filzah,Badri,310,1000,03-05-01,07-07-24,2010,1001,2014
Alisha,Rizam,310,2000,12-02-94,04-03-23,9050,2001,9052
Tati Suriati,Zainul,310,1000,15-04-84,14-09-22,1010,1002,1013
Elisha,Mizan,310,2000,26-03-67,16-02-24,9050,2001,9051
Hanis,Shahin,310,1000,31-03-67,17-12-22,1010,1002,1013
Nuraina,Rizam,310,1000,20-06-05,29-10-20,9050,1002,9051
Elina,Idris,310,1000,22-08-91,17-12-20,7010,1002,7014
Thalia,Rahman,310,1000,12-12-65,02-08-24,6010,1002,6011
Yara,Firas,310,1000,28-08-76,16-03-21,7010,1003,7014
Veeradena,Salim,310,1000,20-05-77,20-09-24,3010,1003,3014
Khairunnisa,Firas,310,1000,16-04-01,26-09-20,8010,1001,8011
Tiara,Khairi,310,1000,02-11-65,29-09-22,8010,1001,8013
Qila Suhaila,Hisham,310,1000,26-09-65,24-03-20,5010,1003,5013
Alia,Kamal,310,1000,31-10-77,28-08-20,4010,1001,4012
Nuraina,Zaman,310,1000,29-03-98,01-05-24,9050,2001,9053
Kamila,Zahir,310,1000,18-01-80,07-07-23,6010,1002,6013
Elina,Wafi,310,2000,28-01-80,28-09-23,3010,2001,3017
Sarina,Kamal,310,1000,18-12-75,21-02-23,6010,1003,6013
Dinesh ,Sivasubramaniam,311,1000,23-08-75,29-10-19,9010,1003,9015
Ravi Kumar ,Sivasubramaniam,311,1000,30-07-87,06-09-23,3010,1003,3014
Rajesh Reddy ,Balakrishnan,311,1000,22-11-87,14-01-24,9010,1001,9016
Balaji ,Ramasamy,311,1000,20-10-87,18-03-24,1010,1001,1013
Karthik ,Vellayan,311,1000,02-12-87,08-11-21,7010,2001,7014
Harish ,Arumugam,311,1000,03-08-78,15-05-20,1010,1003,1014
Harish ,Ramalingam,311,1000,06-04-90,23-07-23,9050,1003,9051
Surendran ,Rajesh,311,1000,08-03-05,19-04-24,7010,1001,7011
Uthaya ,Venkatesan,311,1000,28-06-83,11-07-21,8010,1003,8012
Ajith ,Sundararajan,310,1000,25-11-73,14-12-20,9010,2001,9015
Thamil Selvan ,Rajendran,311,1000,08-02-74,22-07-21,1010,1001,1012
Suresh ,Murugan,311,1000,16-07-75,06-09-22,3010,1001,3017
Balaji ,Thirunavukarasu,311,1000,13-04-05,20-01-20,7010,1002,7012
Rajesh Reddy ,Ramalingam,311,1000,02-03-93,02-02-21,1010,2001,1012
Prakash ,Palani,310,1000,13-08-91,28-01-22,8010,1002,8011
Aiyappan ,Balakrishnan,311,1000,30-11-81,02-09-24,4010,2001,4012
Prakash ,Subash,311,1000,07-09-95,04-01-20,8010,1003,8013
Mahesh ,Venkatesan,311,1000,18-01-66,22-10-22,8010,1003,8014
Nadarajah ,Jayakumar,310,1000,31-07-68,04-01-24,5010,1002,5014
Ajith ,Vellayan,311,1000,07-02-93,22-07-23,2010,1001,2012
Surendran ,Marimuthu,311,1000,25-03-92,14-10-21,4010,1001,4011
Ramesh ,Thangavelu,311,1000,07-03-05,04-05-22,1010,1001,1014
Kumaravel ,Narasimhan,311,1000,29-05-86,28-01-20,9050,1001,9054
Dinesh ,Palanisamy,311,1000,02-04-84,25-11-22,8010,2001,8014
Uthaya ,Murugan,311,1000,24-05-65,24-03-20,3010,1003,3016
Anand ,Vellayan,311,1000,26-10-83,16-12-19,3010,1001,3015
Ravi Kumar ,Ramasamy,311,1000,27-09-04,17-11-23,3010,1003,3017
Surendran ,Kanna,311,1000,28-06-69,22-03-23,9050,1001,9054
Praveen ,Govindasamy,311,1000,17-05-06,21-08-24,6010,2001,6011
Prem Kumar ,Kanna,311,1000,02-09-00,19-08-23,8010,1001,8012
Surendran ,Marimuthu,311,1000,03-03-06,10-10-22,9010,2001,9015
Mahesh ,Subash,311,1000,11-03-92,09-05-23,8010,1003,8013
Nadarajah ,Kanna,310,1000,24-09-91,08-10-23,9050,1002,9052
Anand ,Ramachandran,311,1000,20-12-69,29-07-24,3010,1001,3014
Arjun ,Narayanan,311,1000,18-12-93,19-01-20,2010,1003,2014
Santhosh ,Thirunavukarasu,311,1000,19-08-01,19-04-23,6010,1003,6014
Vinay ,Sundararajan,311,1000,14-11-03,14-02-24,8010,2001,8012
Ram ,Dhanapal,311,1000,03-07-90,24-04-24,5010,1001,5014
Praveen ,Ramasamy,311,1000,20-01-95,04-02-24,2010,1002,2011
Senthil ,Arumugam,310,1000,06-10-87,21-01-23,6010,1002,6011
Rajendran ,Sivasubramaniam,311,1000,17-07-75,15-07-22,9010,2001,9014
Surendran ,Govindasamy,311,1000,09-04-98,28-08-24,9050,1001,9054
Prakash ,Marimuthu,311,1000,17-06-83,23-05-23,6010,1001,6012
Rajendran ,Muthusamy,311,1000,09-12-76,24-02-22,4010,1003,4011
Arjun ,Muthusamy,311,1000,18-11-99,09-04-20,3010,1001,3016
Vikas ,Govindasamy,310,1000,02-12-85,28-09-21,5010,1002,5013
Ramesh ,Palani,311,1000,19-11-94,10-08-21,7010,1002,7013
Balaji ,Muthusamy,311,1000,21-04-94,21-12-23,5010,1003,5012
Vignesh ,Sivasubramaniam,310,1000,02-08-97,21-06-23,7010,1002,7012
Ravi Kumar ,Jayakumar,311,1000,22-10-84,09-08-21,7010,1002,7012
Mohan ,Palani,311,1000,12-11-94,26-04-20,9010,1002,9014
Santhosh ,Jayakumar,311,1000,01-01-75,20-01-23,1010,1003,1013
Prakash ,Balakrishnan,311,1000,07-07-01,06-06-23,9050,1003,9054
Uthaya ,Venkatesan,311,1000,25-12-65,19-06-23,9050,2001,9052
Sathish ,Dhanapal,311,1000,19-09-88,20-10-22,5010,2001,5013
Praveen ,Ganesan,311,1000,05-06-80,21-07-21,1010,1001,1011
Jagan ,Subash,311,1000,05-08-95,23-01-24,3010,1001,3014
Kannan ,Dhanapal,311,1000,30-03-80,22-09-20,2010,2001,2012
Senthil ,Vellayan,311,1000,12-05-68,31-08-24,1010,1003,1012
Vicnesswary,Ramachandran,310,1000,05-09-05,03-04-24,4010,1002,4011
Vinay ,Chandra,311,1000,03-07-94,07-02-21,9010,2001,9017
Sathish ,Ramachandran,311,1000,22-10-69,14-05-20,5010,2001,5014
Sathish ,Ramu,311,1000,23-06-96,25-10-21,1010,2001,1014
Ajith ,Palani,310,1000,29-10-96,17-08-23,3010,2001,3016
Anand ,Marimuthu,311,1000,17-12-97,24-10-22,1010,1001,1014
Ravi Kumar ,Kanna,311,1000,20-01-90,12-11-20,9010,1002,9014
Prakash ,Arumugam,311,1000,16-04-01,11-01-20,2010,1002,2013
Prakash ,Somasundaram,311,1000,03-02-89,28-02-20,5010,2001,5013
Vinay ,Murugan,311,1000,27-02-81,09-10-21,3010,1003,3015
Vinay ,Arumugam,311,1000,21-11-86,06-10-20,2010,1001,2011
Senthil ,Arumugam,311,1000,04-06-69,07-09-21,7010,2001,7013
Ganesh Pillai ,Ramasamy,311,1000,30-07-68,15-12-19,9010,2001,9015
Surya ,Ramu,310,1000,31-01-90,03-08-21,8010,1001,8014
Rishi ,Govindasamy,310,1000,17-01-85,02-08-21,9050,1001,9053
Vinod ,Ramu,311,1000,26-03-05,16-03-21,8010,2001,8012
Aiyappan ,Dhanapal,311,1000,17-12-90,02-04-23,9050,2001,9053
Mohan ,Thangavelu,311,1000,31-08-71,09-01-20,8010,1003,8012
Suresh ,Balasubramanian,311,1000,26-01-88,18-10-19,9010,1001,9017
Ganesh Pillai ,Saravanan,311,1000,23-05-66,06-05-21,3010,1001,3014
Uthaya ,Saravanan,311,1000,11-12-79,16-09-21,8010,2001,8013
Rajesh Reddy ,Chandra,311,1000,20-04-65,01-08-22,2010,2001,2011
Senthil ,Muthusamy,311,1000,26-01-81,29-09-20,5010,1003,5014
Nadarajah ,Krishnan,311,1000,20-07-84,29-12-21,9050,1002,9054
Vinod ,Somasundaram,311,1000,27-12-89,19-09-20,7010,2001,7013
Senthil ,Ramalingam,311,1000,21-01-96,25-01-21,3010,2001,3017
Vinay ,Dhanapal,311,1000,14-03-95,23-02-20,2010,1001,2013
Kumaravel ,Subramaniam,311,1000,26-10-89,08-05-20,7010,1003,7013
Aiyappan ,Narasimhan,311,1000,10-04-01,08-02-21,1010,2001,1012
Vikas ,Narasimhan,311,1000,20-09-95,28-03-22,9050,2001,9052
Karthik ,Nadarajah,311,1000,06-11-89,19-12-20,4010,1001,4013
Vinod ,Subash,311,1000,08-07-85,09-01-20,1010,1002,1014
Ramesh ,Ponnusamy,311,1000,07-07-98,12-01-22,2010,1003,2013
Karthik ,Kuppusamy,311,1000,08-02-76,06-04-23,7010,2001,7011
Manikandan ,Subramaniam,311,1000,28-11-70,31-05-23,9050,1001,9054
Kumaravel ,Kalyanasundaram,311,1000,28-02-94,21-04-22,9050,1002,9053
Karthik ,Saravanan,311,1000,12-12-83,10-03-22,1010,1003,1013
Surya ,Vellayan,311,1000,17-08-77,13-06-22,5010,1003,5014
Praveen ,Ramu,311,1000,25-02-04,18-09-21,9050,2001,9053
Sharmila,Govindasamy,310,1000,24-06-81,22-11-20,9010,1002,9017
Balasubramaniam,Krishnan,311,1000,22-05-84,04-04-22,9050,1002,9053
Nadarajah ,Somasundaram,310,1000,14-09-90,16-10-24,6010,1003,6012
Prem Kumar ,Somasundaram,311,1000,12-02-01,28-02-22,8010,2001,8012
Vikas ,Sivasubramaniam,310,1000,21-10-98,12-07-20,9050,2001,9052
Ashiwara,Kanna,310,1000,23-12-90,09-09-23,4010,1002,4012
Vikas ,Sundararajan,310,1000,11-05-84,11-12-21,9050,1001,9053
Kumaravel ,Narasimhan,311,1000,25-10-74,09-02-23,6010,1002,6012
Uthaya ,Ramachandran,310,1000,14-03-74,01-01-21,6010,1003,6014
Manikandan ,Ponnusamy,311,1000,02-07-72,25-12-19,9010,2001,9017
Suresh ,Jayakumar,311,1000,05-01-89,14-08-23,4010,1002,4013
Ganesh Pillai ,Ramachandran,311,1000,16-12-02,21-09-21,5010,1002,5011
Praveen ,Sundararajan,311,1000,24-02-80,20-11-21,9050,2001,9051
Arvind Singh ,Venkatesan,310,1000,27-11-71,25-04-24,7010,1003,7011
Raghavan ,Ramalingam,311,1000,21-02-66,26-10-22,8010,1001,8011
Nadarajah ,Chandra,311,1000,29-12-63,10-10-22,6010,1003,6011
Harish ,Muthusamy,311,1000,10-11-80,31-08-23,6010,1002,6012
Kannan ,Saravanan,311,1000,19-10-97,27-02-20,9010,2001,9014
Vignesh ,Ramasamy,311,1000,21-08-06,23-09-24,1010,1002,1013
Surya ,Chandra,310,1000,03-05-81,30-05-24,9050,2001,9053
Manikandan ,Murugan,311,1000,06-12-94,17-09-20,2010,1001,2011
Nadarajah ,Ramasamy,311,1000,08-04-96,21-10-19,7010,1001,7014
Harish ,Kanna,311,1000,24-01-01,30-08-23,9050,1002,9053
Suresh ,Sivasubramaniam,311,1000,21-04-84,20-04-23,1010,1003,1012
Ramesh ,Muthusamy,311,1000,06-09-71,11-06-22,4010,1002,4013
Balaji ,Rajendran,310,1000,30-07-98,19-11-23,7010,1001,7012
Surya ,Thirunavukarasu,310,1000,02-01-04,07-07-21,6010,1001,6011
Thamil Selvan ,Saravanan,311,1000,14-08-97,30-03-22,1010,1003,1013
Surya ,Ramachandran,310,1000,17-09-75,26-12-22,9010,2001,9015
Karthik ,Marimuthu,310,1000,11-11-01,20-10-21,9010,2001,9017
Vikas ,Narasimhan,310,1000,12-10-84,02-03-21,3010,1001,3016
Raghavan ,Sivasubramaniam,311,1000,29-04-03,29-05-21,1010,1001,1013
Ravi Kumar ,Govindasamy,311,1000,02-06-05,24-07-22,4010,2001,4012
Harish ,Balakrishnan,311,1000,22-02-88,13-03-20,9050,2001,9054
Suresh ,Balakrishnan,311,1000,19-06-90,19-08-21,4010,1002,4011
Thamil Selvan ,Murugan,311,1000,12-01-93,20-03-21,9050,1002,9052
Jagan ,Narayanan,311,1000,10-12-93,27-12-22,1010,1003,1013
Vinay ,Dhanapal,311,1000,06-08-72,08-06-23,9010,1002,9017
Suresh ,Palanisamy,311,1000,26-07-65,20-12-20,4010,1002,4012
Vijaya,Subash,311,1000,28-03-79,24-09-24,4010,1002,4013
Manikandan ,Murugan,311,1000,21-08-72,30-03-23,2010,1001,2014
Kumaravel ,Narasimhan,311,1000,20-06-70,03-08-23,9010,1003,9014
Rishi ,Venkatesan,310,1000,12-07-00,25-10-22,5010,1003,5011
Sathish ,Nadarajah,311,1000,27-08-77,14-11-23,7010,1001,7014
Kannan ,Chandra,311,1000,01-07-97,11-04-24,9050,2001,9052
Mohan ,Venkatesan,311,1000,24-10-86,20-04-24,6010,1003,6012
Manikandan ,Narasimhan,311,1000,14-01-88,04-10-20,9010,1001,9015
Ajith ,Jayakumar,311,1000,12-07-72,07-08-21,7010,2001,7012
Senthil ,Subash,311,1000,14-05-78,18-03-23,7010,1003,7012
Praveen ,Narasimhan,311,1000,23-11-89,03-01-24,9050,1001,9054
Mahesh ,Subramaniam,311,1000,29-03-80,15-09-20,6010,1002,6013
Vinay ,Chandra,311,1000,18-05-91,06-12-19,8010,1002,8012
Hong Joon,Tan,310,1000,23-12-63,11-05-23,7010,1001,7013
Wei Cheng,Low,311,1000,05-12-87,11-04-23,3010,1002,3014
Sze Wei,Chua,310,1000,30-12-91,14-05-23,9010,2001,9014
Choon Mei,Lim,310,1000,07-01-78,14-08-24,9010,1003,9017
Li Ping,Lim,310,1000,10-03-68,10-01-24,8010,1003,8011
Zhi Wei,Wong,310,1000,05-11-83,27-02-23,2010,2001,2011
Yew Jin,Lim,310,1000,30-01-88,04-05-23,7010,1003,7014
Li Ping,Ong,310,1000,02-09-84,24-11-21,9010,1001,9016
Chee Seng,Sim,310,1000,16-11-88,30-08-24,8010,2001,8012
Yew Jin,Tan,310,1000,03-12-90,05-06-21,2010,1001,2011
Ai Yu,Leong,310,1000,21-06-93,14-03-23,8010,2001,8011
Yi Ting,Ong,310,1000,31-12-80,13-05-21,2010,1002,2014
Xin Fang,Low,311,1000,10-09-98,21-06-20,2010,2001,2013
Mei Yan,Chai,310,1000,19-10-65,27-09-23,1010,2001,1011
Xin Yi,Lim,311,1000,14-04-94,09-10-20,5010,1003,5011
Keng Yoon,Sim,311,1000,30-07-74,25-07-24,6010,1002,6012
Mei Yan,Lee,310,1000,23-10-71,15-07-24,1010,1001,1014
Cheng Hong,Chen,311,1000,15-03-92,09-10-24,4010,2001,4012
Kah Mun,Chen,311,1000,21-09-99,19-01-20,8010,1003,8012
Joo Ling,Lee,311,1000,13-01-84,03-12-21,6010,2001,6013
Xin Yi,Chua,310,1000,18-10-63,30-01-21,1010,1002,1014
Chee Seng,Chen,311,1000,15-12-86,10-02-23,6010,2001,6012
Jin Hao,Goh,310,1000,23-08-65,27-06-24,8010,1001,8012
Kah Mun,Wong,311,1000,18-03-84,28-12-19,6010,1003,6013
Ai Yu,Chai,310,1000,14-12-74,12-08-22,2010,1001,2013
Mei Yan,Lau,310,1000,14-09-70,30-08-22,9050,1003,9052
Hui Shan,Yeo,310,1000,17-02-78,25-09-22,2010,1003,2011
Ai Ling,Ng,310,1000,09-09-91,13-04-22,1010,1003,1011
Shi Min,Lee,310,1000,18-11-86,19-11-19,9050,1001,9054
Soon Heng,Lim,310,1000,11-09-81,25-07-20,4010,1002,4013
Tze Yong,Chai,311,1000,29-10-81,29-08-24,7010,1001,7011
Pei Ying,Chen,310,1000,17-01-86,25-01-23,9010,1002,9015
Wan Yi,Sim,310,1000,28-04-98,28-09-23,2010,1003,2012
Pui Yung,Tan,311,1000,22-07-80,18-10-19,5010,2001,5014
Seng Chai,Chua,310,1000,14-03-83,28-01-23,3010,1002,3016
Ying Ying,Wong,310,1000,05-11-63,21-08-20,5010,1003,5014
Sook Ling,Chen,310,1000,03-09-94,02-01-23,3010,1001,3014
Wei Cheng,Ong,311,1000,02-07-88,25-03-21,8010,1002,8014
Hui Xin,Ng,310,1000,08-07-74,04-01-22,1010,1003,1011
Chee Seng,Chua,311,1000,19-01-66,09-11-21,4010,2001,4011
Hui Xin,Wong,311,1000,23-07-73,02-10-21,3010,1001,3014
Wan Yi,Lee,310,1000,20-07-00,06-03-22,5010,2001,5011
Yat Seng,Lee,311,1000,01-08-05,10-12-20,3010,1002,3016
Hui Yi,Chua,311,1000,01-04-95,03-08-23,4010,1001,4014
Keng Yoon,Leong,311,1000,04-12-83,16-11-22,9050,1003,9053
Keng Boon,Goh,311,1000,02-05-84,06-06-23,6010,2001,6013
Hui Xin,Tan,310,1000,24-06-93,26-01-24,5010,2001,5011
Wei Cheng,Lau,311,1000,23-10-86,30-08-24,4010,1001,4011
Mei Yan,Lee,311,1000,21-01-01,23-09-24,1010,1001,1014
Kah Mun,Lim,310,1000,28-07-78,18-10-20,5010,1002,5011
Yu Ling,Ong,311,1000,27-10-74,25-11-21,7010,2001,7014
Wei Ying,Wong,311,1000,15-04-73,24-04-21,8010,1002,8014
Yi Ting,Low,310,1000,15-11-80,09-03-20,8010,1003,8012
Yew Jin,Tan,311,1000,23-07-85,16-04-24,9050,2001,9052
Sze Ling,Yeo,310,1000,06-07-68,24-05-23,8010,1001,8011
Wei Ying,Lim,310,1000,16-07-06,20-10-21,7010,1002,7011
Heng Yew,Ong,311,1000,08-06-91,24-12-21,9050,1001,9053
Zhi Liang,Lee,311,1000,06-08-72,05-01-20,9050,2001,9053
Kim Siong,Tan,310,1000,06-06-99,16-02-23,4010,1002,4012
Li Xian,Sim,310,1000,31-08-95,15-02-24,6010,1003,6013
Ying Ying,Wong,310,1000,01-09-75,15-03-20,3010,1001,3016
Shi Wei,Wong,311,1000,15-08-00,29-06-23,3010,2001,3015
Li Ling,Wong,310,1000,09-05-64,01-11-21,2010,1002,2012
Zhi Liang,Lim,311,1000,08-11-74,03-11-21,2010,1002,2011
Zhi Liang,Lim,310,1000,13-06-85,04-09-22,8010,1003,8014
Yan Xiu,Wong,311,1000,17-11-00,22-12-23,5010,1001,5012
Wei Kit,Lim,311,1000,24-03-79,26-06-23,4010,1003,4014
Hui Shan,Tan,310,1000,24-09-87,10-07-23,9010,1003,9016
Jin Yi,Tan,310,1000,01-02-79,17-07-20,3010,1003,3016
Cheng Hong,Tan,311,1000,17-07-79,02-12-19,4010,1001,4014
Li Ping,Tan,310,1000,11-06-03,11-05-20,6010,1002,6011
Mei Yan,Lim,310,1000,15-01-85,05-06-21,5010,1001,5012
Ying Ying,Ng,310,1000,20-10-68,06-09-20,7010,2001,7011
Keng Hock,Tan,311,1000,04-07-84,27-04-23,1010,1003,1012
Yu Ling,Sim,310,1000,19-05-75,26-08-24,4010,1002,4011
Keng Liang,Chen,311,1000,17-10-87,04-08-21,5010,1003,5014
Zhi Liang,Lau,310,1000,08-08-95,13-01-24,2010,1002,2011
Heng Yew,Wong,311,1000,24-08-74,13-04-22,6010,1001,6011
Pei Ying,Sim,310,1000,25-12-66,04-09-22,6010,2001,6011
Pui Yung,Lim,310,1000,19-04-06,11-01-23,9010,1002,9017
Shu Yi,Wong,310,1000,11-05-99,22-07-22,5010,1002,5013
Mei Ling,Ong,310,1000,08-05-02,15-09-20,6010,1003,6013
Huan Ying,Low,310,1000,19-01-89,16-11-22,3010,2001,3016
Seng Chai,Wong,311,1000,26-12-76,22-09-21,4010,1002,4012
Li Na,Lim,310,1000,17-08-86,29-08-20,5010,1003,5011
Kah Mun,Lim,311,1000,07-01-91,12-04-23,4010,2001,4014
Sze Ling,Goh,310,1000,05-04-81,04-03-22,4010,1001,4011
Wan Yi,Wong,311,1000,25-09-86,04-05-21,4010,1001,4012
Ying Ying,Goh,310,1000,30-01-82,15-01-21,1010,2001,1011
Jin Hao,Wong,310,1000,29-11-68,14-09-23,4010,1001,4012
Xin Yi,Wong,311,1000,01-07-81,29-01-21,1010,1001,1012
Koon Peng,Ng,311,1000,04-10-00,08-11-23,5010,2001,5012
Pui Yung,Yeo,310,1000,29-03-82,11-06-20,7010,1003,7012
Wai Ching,Sim,310,1000,21-06-65,01-05-22,8010,2001,8012
Ying Ying,Ng,310,1000,14-09-96,06-09-21,9010,2001,9017
Wei Ting,Chai,310,1000,02-04-64,18-08-23,5010,1003,5011
Jia Wei,Tan,311,1000,30-03-80,28-07-24,6010,1002,6014
Xin Yi,Lim,310,1000,10-12-68,19-04-21,7010,2001,7013
Jin Hao,Tan,311,1000,18-01-73,05-11-23,8010,1003,8011
Zhi Wei,Wong,311,1000,22-06-01,22-01-22,1010,1002,1012
Donna,Ortiz,310,3000,16-03-93,27-06-24,8010,1001,8014
Joseph,Garner,310,13000,25-10-89,27-11-21,2010,1001,2014
Travis,Higgins,311,5000,20-12-79,25-01-22,2010,2001,2012
Gary,Mendoza,311,13000,09-12-79,26-01-22,8010,2001,8014
William,Johnson,310,13000,08-07-06,19-11-19,7010,1001,7012
Natasha,Davis,310,10000,08-06-84,11-01-20,7010,1003,7014
Jasmine,Richard,310,3000,14-12-04,30-11-21,7010,2001,7012
Kelly,Williams,310,10000,29-04-97,22-08-24,2010,1001,2014
Lindsay,Thomas,310,7000,23-05-91,19-04-21,7010,1003,7012
Allison,Andrade,310,10000,19-10-68,13-01-22,7010,1002,7014
Chariya,Boonmee,310,14000,17-07-84,12-11-22,7010,1002,7014
Pamela,Blackburn,310,3000,07-08-92,06-01-23,8010,1003,8012
Stacie,Fox,310,10000,17-06-06,26-05-21,2010,1003,2014
Teresa,Bass,310,7000,22-11-03,02-06-22,4010,1001,4014
Christopher,Martinez,311,15000,10-08-70,31-03-22,9050,1003,9052
Sara,Mcintyre,310,13000,08-04-99,02-12-19,8010,1002,8012
Morgan,Briggs,311,9000,05-01-72,13-08-20,5010,1003,5014
Justin,Anderson,311,10000,05-12-01,13-04-22,9010,2001,9015
Amber,Vasquez,310,13000,20-11-02,20-07-24,6010,1003,6014
Melissa,Camacho,310,5000,07-12-79,30-01-21,7010,1001,7014
Stephanie,Goodwin,310,13000,18-10-02,08-04-24,7010,1002,7012
Jonathan,Le,311,10000,15-12-82,27-01-24,8010,1001,8014
Margaret,Gutierrez,310,2000,08-03-05,04-06-22,7010,2001,7012
Debra,Murillo,310,3000,11-10-86,04-06-24,5010,2001,5014
Melissa,Davis,310,3000,04-07-78,09-04-21,9050,1003,9054
Sarah,Kirk,310,2000,19-12-91,13-10-20,5010,1002,5012
Stephanie,Vazquez,310,13000,08-05-03,10-04-21,9010,1003,9015
Paige,Phillips,310,7000,30-11-90,28-05-24,9050,1003,9052
Anong,Chaiprasit,310,14000,15-11-83,04-09-22,2010,1002,2014
Sandra,Cook,310,15000,04-12-91,21-05-22,9050,1002,9052
Nicole,Hutchinson,310,12000,22-10-03,12-01-23,2010,1002,2012
Worawit,Suksan,311,14000,26-11-80,19-01-20,9050,2001,9054
Francis,Ruiz,311,10000,30-08-92,13-04-24,2010,1002,2014
Sandra,Phillips,310,2000,20-05-65,14-04-20,9010,2001,9017
Brian,Gardner,311,15000,28-02-79,12-12-22,1010,1002,1014
Jintana,Wongchai,310,14000,20-11-92,08-05-24,9050,1001,9052
Steven,Peterson,311,13000,14-05-83,12-04-21,3010,1002,3015
Heather,Hernandez,310,10000,29-07-73,03-04-21,7010,2001,7014
Jacob,Delgado,311,3000,10-04-94,09-10-23,9050,1002,9054
Ratchanon,Chavalit,311,14000,22-04-85,02-09-22,9050,1003,9054
Joe,Wade,311,3000,20-07-64,14-02-22,9050,1003,9052
Anita,Morris,310,13000,23-02-97,03-09-24,1010,1001,1012
Walter,Williamson,311,2000,19-12-66,03-04-21,6010,1002,6012
Kelly,Jackson,310,2000,26-03-75,08-05-20,2010,1003,2012
Kannika,Kittisak,310,14000,08-12-04,19-05-24,9050,1003,9052
John,Roberts,311,3000,18-10-05,25-08-24,9010,1002,9015
Jennifer,Brown,310,3000,10-07-67,20-10-21,8010,2001,8014
Jessica,Gibson,310,3000,01-06-01,12-06-24,7010,1003,7014
Lisa,Buckley,310,7000,15-09-92,31-03-21,2010,1002,2014
Jessica,Banks,310,7000,02-02-92,23-08-22,6010,2001,6012
Charles,Thompson,311,13000,24-12-86,05-02-21,9010,2001,9017
Jamie,Rodriguez,311,10000,30-11-95,25-04-22,8010,1001,8012
Samantha,Cross,310,13000,27-04-05,26-02-23,3010,1003,3015
Sarah,Trevino,310,2000,27-02-69,12-04-20,1010,1001,1014
Patcharaporn,Poonpat,310,14000,02-01-74,27-12-22,7010,1003,7014
Mellisa,Tucker,310,13000,29-07-88,22-03-23,8010,1001,8012
Patrick,Marsh,311,12000,22-07-99,18-09-22,6010,2001,6012
Nancy,Lawson,310,5000,18-06-72,17-08-24,3010,1001,3015
Kimberly,Gray,310,3000,10-11-96,10-11-21,5010,1001,5014
Beth,Mcdonald,310,10000,13-07-73,26-03-21,2010,2001,2014
Jason,Collins,311,12000,29-06-82,29-12-23,7010,2001,7014
Brian,Vega,311,3000,27-01-72,13-11-22,7010,1001,7012
Chatri,Somboon,311,14000,10-05-93,21-06-24,9050,1001,9052
Briana,Thomas,310,5000,06-04-92,10-07-24,8010,2001,8012
Joy,Hughes,310,9000,29-06-71,05-05-23,5010,1002,5012
Anthony,Leon,311,13000,31-07-98,07-01-22,9010,1002,9017
Supachai,Prasertsak,311,14000,06-03-93,23-11-22,9050,1001,9052
Brianna,Lawrence,310,5000,13-09-86,14-12-22,5010,1003,5014
Paul,Johns,311,5000,09-09-99,06-01-24,8010,1002,8014
William,Rodriguez,311,5000,27-08-68,23-09-24,4010,1003,4012
Gina,Shah,310,3000,14-08-64,02-12-20,7010,1003,7012
Alan,Anderson,311,9000,01-12-92,07-05-21,1010,1001,1014
Laura,Lamb,310,3000,25-05-88,11-04-22,6010,1001,6012
Ronald,Rogers,311,5000,02-07-73,18-02-21,2010,1003,2012
Shannon,Rogers,310,15000,01-10-05,22-11-19,4010,1002,4012
Andrea,Baird,311,2000,16-08-81,04-05-24,9010,1002,9017
Rachanee,Thammasak,310,14000,18-07-72,22-05-21,9010,1002,9017
Ronald,Hoover,311,3000,12-11-90,22-12-21,5010,1003,5014
Brandi,Lewis,311,7000,18-01-72,08-08-24,3010,1001,3015
Sonia,Green,310,9000,21-10-02,15-04-22,9050,1003,9054
Brian,Johns,311,13000,10-03-84,19-02-21,7010,2001,7012
Rungnapa,Rungroj,310,14000,01-05-82,27-08-23,4010,1003,4012
Phuwadol,Srisuk,311,14000,29-03-78,05-03-21,8010,1001,8012
Katherine,White,310,7000,17-07-71,29-05-22,9010,1002,9015
Katherine,Taylor,310,2000,03-11-96,08-06-24,3010,2001,3017
Randall,Obrien,311,2000,31-05-82,03-01-23,8010,1002,8012
Amy,Powell,310,12000,26-07-79,11-03-21,4010,1001,4012
Thanawat,Suwannarat,311,14000,13-08-01,11-08-24,9010,1003,9017
Russell,Smith,311,5000,18-10-97,04-08-21,2010,2001,2012
Kyle,Hoffman,311,10000,03-04-96,04-05-21,4010,2001,4012
Bobby,Carey,311,7000,06-05-80,29-12-23,2010,1002,2012
Michelle,Brooks,310,2000,24-04-72,08-06-23,6010,1002,6014
Keith,Brooks,311,12000,20-03-79,25-06-20,1010,1003,1014
Jeffrey,Richards,311,12000,26-11-99,31-08-23,7010,2001,7014
Ryan,Wyatt,311,12000,28-07-74,31-08-20,8010,1002,8014
Lisa,Williams,310,9000,12-04-90,19-10-22,4010,1001,4014
Logan,Yang,311,15000,13-04-88,11-10-21,8010,1003,8014
David,Deleon,311,13000,13-05-91,04-07-20,2010,1003,2012
Thomas,Campbell,311,9000,30-11-94,24-09-23,7010,2001,7014
David,Delacruz,311,13000,04-09-98,18-05-24,2010,2001,2014
Amber,Hall,310,13000,28-01-72,08-09-24,1010,1003,1014
Saengdao,Nimit,310,14000,10-11-97,09-08-24,7010,1001,7012
Siriporn,Thammarat,310,14000,26-09-82,22-12-19,5010,1002,5014
Angela,Moore,310,7000,27-06-85,15-08-23,8010,2001,8012
Marilyn,Hess,310,10000,18-10-99,18-09-21,9050,1002,9052
Thip Wanee,Sangwong,310,14000,04-03-71,13-11-20,3010,1002,3015
Hannah,Rivas,310,7000,09-06-01,10-04-23,3010,1002,3015
Sarah,Reed,310,7000,04-11-79,07-08-23,9010,1001,9015
Shane,Gonzalez,310,5000,23-11-73,14-10-20,8010,2001,8012
Sara,Hudson,310,10000,14-05-76,22-09-21,5010,1002,5012
Michele,Stewart,310,5000,04-09-89,30-12-22,5010,1001,5014
Ian,Wilson,311,9000,16-04-69,02-06-24,9010,1002,9015
Jill,Holmes,310,10000,11-01-90,21-01-21,1010,1001,1014
Glenn,Brown,310,5000,17-08-66,05-01-21,5010,1003,5012
Johnny,Sullivan,310,7000,20-04-66,13-11-19,7010,1001,7012
Valerie,Vongchai,310,14000,09-12-84,16-12-23,2010,2001,2014
Cheryl,Lee,310,2000,15-09-99,29-09-24,2010,1001,2014
Thiraphong,Boonlert,311,14000,30-04-76,18-01-24,8010,2001,8014
Randy,Thompson,311,13000,13-07-89,30-10-19,2010,1003,2014
Daniel,Payne,311,13000,30-12-03,02-11-19,2010,1003,2012
Michael,Lucas,311,10000,06-01-69,17-01-21,9050,1001,9052
Sarah,Scott,310,7000,27-08-02,31-03-23,3010,2001,3017
Shawn,Herring,310,12000,19-12-98,05-12-21,6010,1002,6012
Jorge,Clark,311,7000,20-12-92,18-08-22,3010,1001,3015
Sarawut,Srisawat,311,14000,16-06-06,20-06-24,3010,2001,3015
Joanna,Moore,310,5000,24-12-64,31-08-24,7010,1002,7012
Wayne,Alexander,311,9000,02-02-74,16-06-22,4010,1001,4012
Anita,Davis,310,5000,17-05-93,12-01-24,1010,1002,1012
Morgan,Mcclure,311,3000,21-10-88,03-10-24,2010,1002,2012
Danielle,Jones,310,10000,06-10-80,24-07-21,8010,1003,8012
Patrick,Roberts,311,13000,22-12-74,24-02-22,5010,1001,5012
Robert,Martinez,311,13000,23-09-73,19-02-23,4010,1001,4014
Chelsea,Hart,311,15000,25-04-68,14-09-23,1010,1001,1014
Anthony,Hickman,311,12000,29-12-95,19-12-23,6010,1001,6012
Anthony,Huang,311,9000,16-12-00,05-07-23,4010,1002,4014
Justin,Esparza,311,10000,16-10-96,24-05-20,4010,2001,4014
Sarah,Flores,310,12000,19-01-96,12-05-22,4010,2001,4014
Larry,Cline,311,7000,22-08-99,10-11-19,1010,1001,1014
Suttipong,Yuthasak,311,14000,30-06-94,08-09-23,8010,1003,8012
Maria,Fisher,310,5000,09-05-81,03-07-21,8010,1001,8014
Holly,Lewis,310,13000,22-06-04,11-07-20,3010,2001,3015
Andrew,Reed,311,2000,29-04-85,18-08-20,1010,1003,1012
Mark,Gomez,311,13000,04-04-74,25-04-23,6010,1002,6012
Nicole,Mcgrath,310,10000,11-11-64,13-04-24,6010,2001,6014
Billy,Stewart,310,10000,06-01-81,08-07-22,7010,1001,7014
Carrie,Jones,310,9000,20-02-90,01-07-22,4010,2001,4012
Tanya,Campbell,310,15000,25-08-83,02-05-22,7010,1002,7012
Peggy,Brown,310,5000,16-12-63,14-10-21,2010,2001,2014
Tammy,Foster,310,12000,16-06-95,15-02-21,4010,1002,4014
Chris,Gillespie,310,3000,14-12-91,12-03-20,1010,2001,1012
Tyler,Owen,311,15000,06-02-97,12-04-22,5010,1003,5012
Kevin,Jones,311,5000,17-03-89,16-03-24,3010,2001,3015
Nittaya,Intarachai,310,14000,05-07-95,25-08-20,5010,1003,5014
Daniel,Pearson,311,12000,11-05-05,03-07-24,9050,2001,9052
Carrie,Wood,310,9000,12-02-94,28-03-22,7010,2001,7014
Dorothy,Adams,310,15000,17-03-02,17-02-24,4010,1003,4014
Pongsak,Chaisuwan,311,14000,31-10-88,09-08-22,1010,2001,1012
Anthony,Shelton,311,5000,18-03-97,26-05-21,8010,1002,8014
Juan,Fields,311,3000,27-01-03,24-07-23,8010,1003,8012
Pattama,Panyarachun,310,14000,30-10-87,08-11-23,4010,1001,4012
Bryan,Mayer,311,12000,25-06-65,23-01-24,6010,1003,6012
Nattapong,Somchai,311,14000,19-12-04,11-08-23,2010,1003,2014
Olivia,Shea,310,13000,20-07-91,09-05-24,4010,1003,4012
Charles,Moore,311,15000,14-12-88,06-06-20,6010,2001,6014
Julie,Kelly,310,10000,08-03-78,16-04-24,8010,1002,8012
Richard,Hampton,311,3000,18-08-97,10-10-22,5010,1001,5012
Elizabeth,Martinez,310,2000,26-04-98,22-12-19,7010,1002,7012
Kittisak,Kraipob,311,14000,14-08-67,08-12-21,9010,1003,9015
Victor,Villegas,310,3000,15-10-72,05-02-24,5010,1002,5012
Elizabeth,Novak,310,2000,12-10-04,26-11-22,8010,2001,8012
John,Brown,311,13000,09-02-72,13-11-21,4010,1001,4014
Cynthia,Johnson,310,10000,20-10-66,24-11-21,9010,1002,9017
Julie,Conway,310,2000,27-10-67,23-01-20,9010,1003,9017
Kevin,Mcfarland,311,7000,31-01-68,29-05-23,6010,1001,6014
Bobby,Johnson,310,15000,30-06-69,27-07-20,4010,1001,4012
Derek,Choi,311,13000,30-09-05,21-06-21,9050,2001,9052
Kevin,Peterson,310,9000,28-01-75,28-11-22,9010,1002,9015
Heather,Lewis,310,7000,08-05-95,30-12-21,1010,1002,1012
Rebecca,Russell,310,9000,16-10-87,03-03-20,8010,1001,8012
Jon,Oliver,311,13000,26-07-71,16-02-21,2010,2001,2014
Shannon,Phillips,310,7000,13-12-88,02-12-23,4010,1001,4014
Casey,Dean,311,10000,25-09-91,09-10-22,8010,1002,8012
Supatra,Wattanachai,310,14000,03-04-75,26-01-24,2010,2001,2014
Viyada Ploy ,Boonserm,310,14000,02-01-66,07-12-22,3010,2001,3015
Rose,Anderson,310,3000,13-09-06,09-07-24,9050,1002,9052
Orathai,Supasiri,310,14000,03-09-72,07-05-21,4010,1002,4012
James,Keith,311,10000,28-02-70,05-11-23,9010,1003,9015
Jenna,Johnson,310,7000,14-11-67,13-08-20,8010,1003,8012
Terri,Short,310,9000,17-08-81,01-09-23,6010,1001,6012
Julie,Richardson,310,3000,08-07-01,24-11-23,6010,1002,6014
Beverly,Curtis,311,3000,24-09-02,06-01-22,7010,1001,7012
Luke,Kelley,311,3000,18-11-97,15-02-21,7010,1001,7012
Susan,West,310,15000,09-04-74,24-04-22,5010,1001,5014
Sally,Bailey,310,15000,19-10-72,17-10-21,6010,1003,6014
Megan,Rojas,310,2000,24-03-71,04-08-23,9050,2001,9054
Susan,Jackson,310,2000,28-05-78,12-01-21,3010,1002,3017
Richard,Jones,311,12000,26-08-95,18-06-22,9010,1003,9017
Dawn,Wilcox,311,10000,12-12-63,30-12-22,1010,1001,1012
Cynthia,Russell,310,5000,31-10-97,16-01-21,9050,2001,9052
Travis,Norman,310,13000,18-02-91,15-06-24,2010,1002,2012
